{
	"objName": "Iron man",
	"variables": [{
			"name": "Vel y",
			"value": 0,
			"isPersistent": false
		},
		{
			"name": "Action",
			"value": "Thruster on",
			"isPersistent": false
		},
		{
			"name": "State",
			"value": "Flying",
			"isPersistent": false
		},
		{
			"name": "Shooting",
			"value": "False",
			"isPersistent": false
		}],
	"scripts": [[10, 10, [["whenGreenFlag"], ["comeToFront"], ["gotoX:y:", -182, -180], ["hide"]]],
		[10,
			83,
			[["procDef", "Render vertical Kinematics", [], [], false],
				["doIfElse",
					[">", ["ypos"], "-180"],
					[["doIfElse",
							["<", ["ypos"], "97"],
							[["doIfElse",
									["=", ["readVariable", "Using Thrusters?"], "False"],
									[["changeVar:by:", "Vel y", -9.8], ["changeYposBy:", ["readVariable", "Vel y"]], ["setVar:to:", "State", "Falling"]],
									[["setVar:to:", "Vel y", 0],
										["doIfElse",
											[">", ["readVariable", "Vel x"], "0"],
											[["setVar:to:", "State", "Flying Forward"]],
											[["setVar:to:", "State", "Flying"]]]]]],
							[["doIfElse",
									["=", ["readVariable", "Using Thrusters?"], "True"],
									[["doIfElse",
											[">", ["readVariable", "Vel x"], "0"],
											[["setVar:to:", "State", "Flying Forward"]],
											[["ypos:", 96], ["setVar:to:", "State", "Flying"]]]],
									[["changeVar:by:", "Vel y", -9.8], ["changeYposBy:", ["readVariable", "Vel y"]], ["setVar:to:", "State", "Falling"]]]]]],
					[["doIfElse",
							["=", ["readVariable", "Using Thrusters?"], "True"],
							[["doIf",
									["not", ["keyPressed:", "w"]],
									[["setVar:to:", "State", "Landing"],
										["setVar:to:", "Using Thrusters?", "False"],
										["setVar:to:", "Vel y", 0],
										["setVar:to:", "Using Thrusters?", "False"],
										["setVar:to:", "Action", "Thrusters off"],
										["ypos:", -180]]]],
							[["doIfElse",
									["=", ["readVariable", "Using Thrusters?"], "False"],
									[["doIf", ["keyPressed:", "up arrow"], null],
										["doIfElse",
											["<", ["readVariable", "Vel y"], "0"],
											[["setVar:to:", "State", "Landing"],
												["setVar:to:", "Vel y", 0],
												["setVar:to:", "Using Thrusters?", "False"],
												["setVar:to:", "Action", "Thrusters off"],
												["ypos:", -180]],
											[["doIfElse",
													["=", ["readVariable", "Vel x"], "0"],
													[["setVar:to:", "State", "Stand by"]],
													[["setVar:to:", "State", "Walking"]]]]]],
									null]]]]]]],
		[585,
			104,
			[["procDef", "Check Thrusters", [], [], false],
				["doIf", ["keyPressed:", "w"], [["setVar:to:", "Using Thrusters?", "True"], ["setVar:to:", "Action", "Thruster on"]]],
				["doIf", ["keyPressed:", "s"], [["setVar:to:", "Using Thrusters?", "False"], ["setVar:to:", "Action", "Thrusters off"]]]]],
		[355,
			12,
			[["whenIReceive", "Start Iron man"],
				["show"],
				["doForever", [["call", "Render vertical Kinematics"], ["call", "Check Thrusters"], ["call", "Control refresh"]]]]],
		[892,
			17.75,
			[["procDef", "Control refresh", [], [], false],
				["doIf", ["keyPressed:", "up arrow"], [["changeYposBy:", 20]]],
				["doIfElse",
					["=", ["readVariable", "Using Thrusters?"], "True"],
					[["doIf", ["keyPressed:", "down arrow"], [["changeYposBy:", -20]]]],
					[["doIf",
							["keyPressed:", "down arrow"],
							[["setVar:to:", "State", "Crouching"], ["setVar:to:", "Vel x", 0], ["wait:elapsed:from:", 1]]]]],
				["doIf",
					["not", ["=", ["readVariable", "State"], "Crouching"]],
					[["doIfElse",
							["keyPressed:", "right arrow"],
							[["setVar:to:", "Vel x", "1"]],
							[["doIfElse",
									["keyPressed:", "left arrow"],
									[["doIfElse",
											["=", ["readVariable", "Using Thrusters?"], "True"],
											[["setVar:to:", "Vel x", "0"]],
											[["setVar:to:", "Vel x", "-1"]]]],
									[["setVar:to:", "Vel x", "0"]]]]]]],
				["doIfElse",
					["keyPressed:", "space"],
					[["setVar:to:", "Shooting", "True"], ["setVar:to:", "Vel x", 0]],
					[["setVar:to:", "Shooting", "False"]]]]],
		[309,
			182,
			[["procDef", "Render graphics", [], [], false],
				["doIf", ["=", ["readVariable", "State"], "Flying Forward"], [["lookLike:", "Flying Forward"]]],
				["doIf", ["=", ["readVariable", "State"], "Flying"], [["lookLike:", "Stand-by air"]]],
				["doIf", ["=", ["readVariable", "State"], "Falling"], [["lookLike:", "Stand-by air2"]]],
				["doIf",
					["=", ["readVariable", "State"], "Landing"],
					[["lookLike:", "crouch"], ["setVar:to:", "Vel x", 0], ["wait:elapsed:from:", 1]]],
				["doIf", ["=", ["readVariable", "State"], "Crouching"], [["lookLike:", "crouch"]]],
				["doIf", ["=", ["readVariable", "State"], "Stand by"], [["lookLike:", "Walking6"]]],
				["doIf",
					["=", ["readVariable", "Shooting"], "True"],
					[["doIfElse",
							["=", ["readVariable", "Using Thrusters?"], "True"],
							[["lookLike:", "Shoot air"]],
							[["lookLike:", "Shoot ground"]]]]],
				["doIf",
					["=", ["readVariable", "State"], "Walking"],
					[["doIfElse",
							["&", [">", ["costumeIndex"], "1"], ["<", ["costumeIndex"], "7"]],
							[["nextCostume"]],
							[["lookLike:", "Walking6"]]]]]]],
		[614,
			391,
			[["whenGreenFlag"],
				["doForever",
					[["setVar:to:", "x", ["xpos"]],
						["setVar:to:", "y", ["ypos"]],
						["setVar:to:", "Shoot", ["readVariable", "Shooting"]]]]]],
		[547,
			515,
			[["whenIReceive", "Start Iron man"], ["show"], ["doForever", [["call", "Render graphics"]]]]]],
	"sounds": [{
			"soundName": "pop",
			"soundID": 0,
			"md5": "83a9787d4cb6f3b7632b4ddfebf74367.wav",
			"sampleCount": 258,
			"rate": 11025,
			"format": ""
		}],
	"costumes": [{
			"costumeName": "Stand-by air",
			"baseLayerID": 0,
			"baseLayerMD5": "05591c51d7c53857842986c167d6cbdc.png",
			"bitmapResolution": 2,
			"rotationCenterX": 42,
			"rotationCenterY": 172
		},
		{
			"costumeName": "Walking6",
			"baseLayerID": 1,
			"baseLayerMD5": "8fa4bb35ac8e4d8fb3b33292e5c8a260.png",
			"bitmapResolution": 2,
			"rotationCenterX": 24,
			"rotationCenterY": 168
		},
		{
			"costumeName": "Walking1",
			"baseLayerID": 2,
			"baseLayerMD5": "97409bad4192da2498b0c7451a240b79.png",
			"bitmapResolution": 2,
			"rotationCenterX": 38,
			"rotationCenterY": 166
		},
		{
			"costumeName": "Walking2",
			"baseLayerID": 3,
			"baseLayerMD5": "2bbe0b4f974bcbc2ad82b5c188184027.png",
			"bitmapResolution": 2,
			"rotationCenterX": 38,
			"rotationCenterY": 164
		},
		{
			"costumeName": "Walking3",
			"baseLayerID": 4,
			"baseLayerMD5": "d7952c4225873957eeadba1c8201164e.png",
			"bitmapResolution": 2,
			"rotationCenterX": 34,
			"rotationCenterY": 166
		},
		{
			"costumeName": "Walking4",
			"baseLayerID": 5,
			"baseLayerMD5": "4c32a041ece57e732eb87d3599a4836f.png",
			"bitmapResolution": 2,
			"rotationCenterX": 40,
			"rotationCenterY": 168
		},
		{
			"costumeName": "Walking5",
			"baseLayerID": 6,
			"baseLayerMD5": "f242bed9afd6122b75755415c33219d3.png",
			"bitmapResolution": 2,
			"rotationCenterX": 38,
			"rotationCenterY": 168
		},
		{
			"costumeName": "Stand-by air2",
			"baseLayerID": 7,
			"baseLayerMD5": "15535415f55e7558daddccea9e135989.png",
			"bitmapResolution": 2,
			"rotationCenterX": 42,
			"rotationCenterY": 172
		},
		{
			"costumeName": "crouch",
			"baseLayerID": 8,
			"baseLayerMD5": "7bbfdb0a6886e97bd6512232cc5c99a9.png",
			"bitmapResolution": 2,
			"rotationCenterX": 66,
			"rotationCenterY": 96
		},
		{
			"costumeName": "Shoot ground",
			"baseLayerID": 9,
			"baseLayerMD5": "e818d855dd612a9b79bc983a954b10d6.png",
			"bitmapResolution": 2,
			"rotationCenterX": 46,
			"rotationCenterY": 138
		},
		{
			"costumeName": "Shoot air",
			"baseLayerID": 10,
			"baseLayerMD5": "47c8551f6b293c8884f389aab73c1404.png",
			"bitmapResolution": 2,
			"rotationCenterX": 62,
			"rotationCenterY": 138
		},
		{
			"costumeName": "Flying Forward",
			"baseLayerID": 11,
			"baseLayerMD5": "46304ae681bdb9db25eb6b8a4cbae6d6.png",
			"bitmapResolution": 2,
			"rotationCenterX": 114,
			"rotationCenterY": 101
		}],
	"currentCostumeIndex": 0,
	"scratchX": 0,
	"scratchY": 0,
	"scale": 1,
	"direction": 90,
	"rotationStyle": "normal",
	"isDraggable": false,
	"indexInLibrary": 100000,
	"visible": true,
	"spriteInfo": {
	}
}